Trade Date,Index Value,High,Low,Total Market Value,Dividend Market Value
2017-07-14,253.51,253.79,252.65,6145707859677.0,0.0
2017-07-13,252.84,254.02,252.57,6129307682344.0,0.0
2017-07-12,253.9,253.9,250.15,6155139257789.0,0.0
2017-07-11,249.61,251.37,249.59,6051052655184.0,0.0
2017-07-10,250.53,250.89,250.0,6073461714122.0,0.0
2017-07-07,249.38,249.73,248.86,6045503271326.0,173501074.0
2017-07-06,249.67,251.14,248.26,6052730262872.0,0.0
2017-07-05,251.08,251.26,249.08,6069501036426.0,0.0
2017-07-04,250.18,250.8,249.88,6047953228924.0,0.0
2017-07-03,251.09,251.2,249.15,6069773559951.0,0.0
2017-06-30,247.99,250.29,247.99,5996611178992.0,651129534.0
2017-06-29,249.01,253.88,248.93,6021932727280.0,123278615.0
2017-06-28,252.34,252.34,249.87,6102526691736.0,0.0
2017-06-27,252.43,254.65,252.43,6104848325123.0,0.0
2017-06-26,254.99,256.92,254.77,6166632187704.0,0.0
2017-06-22,255.6,255.6,254.06,6181328070077.0,0.0
2017-06-21,254.9,255.43,253.54,6164433088998.0,0.0
2017-06-20,255.82,257.46,255.82,6186503466153.0,0.0
2017-06-19,256.71,256.98,255.72,6208260985670.0,0.0
2017-06-16,254.5,254.5,252.95,6154616903029.0,0.0
2017-06-15,252.3,254.13,251.25,6101389134525.0,0.0
2017-06-14,254.73,257.35,254.59,6160199455338.0,0.0
2017-06-13,254.96,255.53,253.59,6164500446609.0,0.0
2017-06-12,253.07,255.11,247.38,6119552781341.0,0.0
2017-06-09,255.9,256.1,253.92,6187923243346.0,0.0
2017-06-08,254.12,255.64,253.84,6144925664087.0,0.0
2017-06-07,254.35,255.31,253.09,6134632274271.0,0.0
2017-06-05,253.83,255.4,253.83,6122133405855.0,0.0
2017-06-02,254.95,255.85,254.72,6149170131113.0,0.0
2017-06-01,253.8,254.53,252.76,6122061720255.0,10930221.0
2017-05-31,253.16,254.48,252.64,6101399036211.0,0.0
2017-05-30,253.15,253.15,250.66,6103053793004.0,0.0
2017-05-29,251.78,252.47,251.52,6070152942151.0,0.0
2017-05-26,252.58,252.78,251.24,6089204529031.0,0.0
2017-05-24,252.66,252.71,251.88,6091214355250.0,1010212617.0
2017-05-23,252.64,252.64,250.97,6091748247341.0,0.0
2017-05-22,250.93,251.82,250.63,6050441284161.0,0.0
2017-05-19,250.84,251.15,248.91,6036290350890.0,0.0
2017-05-18,248.71,250.87,247.04,5984938329201.0,370024279.0
2017-05-17,251.2,254.17,250.73,6045328607625.0,805441476.0
2017-05-16,254.94,255.49,254.27,6135988743000.0,371849981.0
2017-05-15,254.5,254.68,253.76,6125809219252.0,0.0
2017-05-12,254.15,254.47,253.36,6117479960964.0,391497948.0
2017-05-11,253.87,254.61,253.31,6111119325126.0,11450556621.0
2017-05-10,254.16,254.32,253.2,6129581882983.0,5727392635.0
2017-05-09,254.59,254.79,252.84,6145623911268.0,0.0
2017-05-08,252.46,252.98,251.03,6094556536612.0,0.0
2017-05-05,252.76,252.76,251.26,6102695163692.0,5090891564.0
2017-05-04,251.92,252.04,250.91,6088909575922.0,10208170879.0
2017-05-03,250.68,250.83,249.57,6068972470115.0,2777031068.0
2017-05-02,250.98,250.98,249.29,6079061187743.0,1176512405.0
2017-04-28,249.25,249.25,248.05,6026943531478.0,6084276608.0
2017-04-27,247.79,248.13,247.34,5997765234102.0,10387650120.0
2017-04-26,247.77,247.77,245.98,6008785496674.0,2387699520.0
2017-04-25,246.79,247.24,245.23,5987449604276.0,0.0
2017-04-24,245.03,245.03,242.78,5944831396301.0,0.0
2017-04-21,240.21,240.84,239.6,5827906962880.0,0.0
2017-04-20,239.71,239.96,238.63,5815711182554.0,0.0
2017-04-19,239.29,239.88,237.63,5807460607053.0,2941386725.0
2017-04-18,237.9,240.03,237.09,5776680242869.0,0.0
2017-04-13,239.56,239.87,238.99,5816973375250.0,0.0
2017-04-12,239.77,240.83,239.25,5822068438018.0,0.0
2017-04-11,238.84,239.78,238.12,5799469527234.0,0.0
2017-04-10,239.19,239.19,238.31,5807962307319.0,2659333014.0
2017-04-07,238.64,238.64,236.28,5797182321492.0,1369362166.0
2017-04-06,237.63,237.63,234.85,5774110241679.0,10385101628.0
2017-04-05,236.37,237.46,236.27,5753827636388.0,10798923660.0
2017-04-04,236.55,237.82,236.08,5768751146912.0,0.0
2017-04-03,236.86,239.26,236.75,5776255934854.0,0.0
2017-03-31,238.92,239.17,236.5,5827400205218.0,14942475530.0
2017-03-30,237.36,237.36,235.79,5804044529138.0,17021457670.0
2017-03-29,236.55,236.6,235.41,5801290307675.0,12067944911.0
2017-03-28,235.14,235.23,233.3,5778645533074.0,1017073944.0
2017-03-27,234.24,234.28,232.03,5757468512525.0,0.0
2017-03-24,235.11,235.58,234.25,5778898376818.0,2943660165.0
2017-03-23,235.43,235.43,232.69,5789722665484.0,0.0
2017-03-22,232.86,233.05,231.25,5726543642088.0,313308681.0
2017-03-21,234.25,236.75,234.16,5761072087127.0,0.0
2017-03-20,236.25,236.77,235.98,5810207245419.0,0.0
2017-03-17,236.34,236.8,235.29,5812332565280.0,24947248201.0
2017-03-16,235.87,236.87,234.93,5825751487329.0,1259224272.0
2017-03-15,235.14,235.26,234.19,5808590262461.0,0.0
2017-03-14,234.7,235.74,233.42,5797650459566.0,0.0
2017-03-13,235.85,236.25,234.61,5826139627846.0,0.0
2017-03-10,234.78,235.57,234.44,5799507895999.0,0.0
2017-03-09,234.32,234.41,232.87,5788181308082.0,0.0
2017-03-08,233.64,234.25,233.09,5771401531410.0,0.0
2017-03-07,233.46,233.89,232.58,5767034482579.0,0.0
2017-03-06,233.56,233.77,232.81,5767849831509.0,0.0
2017-03-03,234.21,234.79,233.66,5783846676192.0,92144859.0
2017-03-02,234.5,236.42,234.21,5790997541166.0,0.0
2017-03-01,236.05,236.43,234.06,5829452014966.0,0.0
2017-02-28,233.16,233.27,231.81,5755214020350.0,0.0
2017-02-27,232.28,234.03,231.79,5733599765387.0,0.0
2017-02-24,233.02,235.9,232.16,5751836604718.0,0.0
2017-02-23,235.74,236.43,235.07,5818779740009.0,0.0
2017-02-22,235.0,236.45,234.56,5800707011095.0,0.0
2017-02-21,235.91,236.17,233.27,5823097640190.0,0.0
2017-02-20,233.97,234.5,233.72,5774982339141.0,0.0
2017-02-17,232.96,234.18,232.65,5750103121122.0,0.0
2017-02-16,233.85,234.34,233.38,5772098481764.0,2198936034.0
2017-02-15,233.52,233.8,232.72,5766117999304.0,0.0
2017-02-14,232.74,233.15,231.59,5746911909212.0,359461289.0
2017-02-13,232.75,232.78,231.54,5747455222532.0,0.0
2017-02-10,231.43,232.16,230.71,5714926846657.0,0.0
2017-02-09,230.77,230.77,229.4,5698533676022.0,0.0
2017-02-08,229.79,230.08,228.6,5674304670352.0,0.0
2017-02-07,229.7,230.8,228.7,5672043043743.0,0.0
2017-02-06,229.05,230.22,228.91,5656068426077.0,0.0
2017-02-03,230.19,230.38,229.38,5684181126276.0,0.0
2017-02-02,229.51,229.82,228.42,5667537511876.0,0.0
2017-02-01,228.38,229.22,227.72,5639554384743.0,0.0
2017-01-31,226.68,228.14,226.63,5599216128855.0,0.0
2017-01-30,225.72,227.12,225.47,5575390123051.0,0.0
2017-01-27,227.18,228.84,226.9,5611538204136.0,0.0
2017-01-26,228.81,229.84,228.51,5651767957984.0,0.0
2017-01-25,227.57,227.57,225.91,5621090374709.0,0.0
2017-01-24,224.71,224.71,222.51,5550491314117.0,0.0
2017-01-23,222.29,224.07,222.1,5490826350155.0,0.0
2017-01-20,224.86,225.04,222.68,5554131900272.0,0.0
2017-01-19,223.37,224.34,222.6,5517408946125.0,0.0
2017-01-18,223.58,223.58,221.88,5522689422380.0,0.0
2017-01-17,222.42,223.23,221.35,5494062603808.0,0.0
2017-01-16,223.39,223.84,223.22,5517823800600.0,0.0
2017-01-13,224.55,224.55,222.68,5546686025741.0,0.0
2017-01-12,222.19,223.34,221.74,5488394450217.0,0.0
2017-01-11,223.43,224.12,222.13,5518971705910.0,0.0
2017-01-10,223.22,223.83,222.65,5513721749217.0,0.0
2017-01-09,223.08,225.0,222.35,5510132185815.0,165614661.0
2017-01-05,224.51,225.47,224.51,5545739681652.0,0.0
2017-01-04,225.62,226.68,225.12,5573138605962.0,0.0
2017-01-03,226.08,226.94,225.41,5584465075062.0,0.0
2017-01-02,225.52,225.98,223.31,5570586330772.0,0.0
2016-12-30,223.95,224.45,223.31,5421824758840.0,0.0
2016-12-29,223.79,224.32,223.62,5417894246471.0,0.0
2016-12-28,224.79,225.47,224.66,5442205613859.0,0.0
2016-12-27,225.54,225.88,224.39,5458481601445.0,0.0
2016-12-23,224.34,224.61,223.52,5429369269615.0,0.0
2016-12-22,223.31,223.83,222.82,5404413854229.0,0.0
2016-12-21,224.16,225.56,223.55,5425111538523.0,0.0
2016-12-20,225.45,226.77,225.21,5456318479280.0,0.0
2016-12-19,226.14,227.06,225.97,5473043609774.0,0.0
2016-12-16,226.43,227.2,226.02,5481749904444.0,0.0
2016-12-15,226.72,226.73,224.05,5488684977017.0,0.0
2016-12-14,225.2,226.19,224.91,5451931629503.0,0.0
2016-12-13,226.38,226.48,224.22,5480645753497.0,0.0
2016-12-12,224.42,224.9,223.5,5433075476781.0,0.0
2016-12-09,224.55,225.06,221.61,5436385119249.0,0.0
2016-12-08,222.2,222.2,220.17,5379353206259.0,0.0
2016-12-07,219.99,219.99,218.72,5325788326850.0,0.0
2016-12-06,218.52,218.52,216.94,5290270201226.0,0.0
2016-12-05,217.43,218.17,214.97,5263837134494.0,0.0
2016-12-02,215.64,216.27,214.74,5220656557806.0,0.0
2016-12-01,216.94,217.61,216.39,5252149083603.0,0.0
2016-11-30,217.69,217.98,216.21,5271840976982.0,0.0
2016-11-29,215.95,217.36,215.36,5229772657552.0,0.0
2016-11-28,216.52,218.19,216.2,5243499418947.0,0.0
2016-11-25,218.72,218.72,217.05,5296817834529.0,0.0
2016-11-24,217.81,218.13,217.17,5274846619498.0,0.0
2016-11-23,217.41,218.23,216.75,5264964793367.0,0.0
2016-11-22,217.52,218.07,216.58,5267595637633.0,0.0
2016-11-21,216.69,217.14,215.08,5247587679765.0,0.0
2016-11-18,216.51,216.7,215.26,5243254989022.0,0.0
2016-11-17,215.49,215.55,213.07,5218622723131.0,0.0
2016-11-16,213.54,215.41,213.09,5171370003944.0,0.0
2016-11-15,214.37,214.47,212.03,5191456433406.0,373464360.0
2016-11-14,211.34,215.17,210.93,5118187147362.0,0.0
2016-11-11,212.43,215.39,212.31,5144796409802.0,0.0
2016-11-10,214.07,216.69,213.36,5184425176705.0,0.0
2016-11-09,213.71,213.76,204.71,5175691254899.0,0.0
2016-11-08,211.72,211.93,210.33,5127383302569.0,0.0
2016-11-07,211.0,211.3,209.3,5110146094905.0,0.0
2016-11-04,207.56,209.05,207.39,5026847801368.0,325307466.0
2016-11-03,209.74,210.84,208.97,5079948257249.0,0.0
2016-11-02,209.33,210.85,209.2,5069984891519.0,0.0
2016-11-01,211.39,214.96,211.39,5119788093715.0,0.0
2016-10-31,213.74,215.35,213.47,5174323890567.0,0.0
2016-10-28,215.97,216.16,213.9,5204776905229.0,3873281278.0
2016-10-27,215.64,216.48,214.5,5197875494368.0,0.0
2016-10-26,215.68,216.66,214.06,5198700547542.0,0.0
2016-10-25,215.81,217.27,215.71,5201984238338.0,0.0
2016-10-24,216.84,218.91,216.53,5226621850063.0,6495127172.0
2016-10-21,217.55,218.35,216.78,5250376053329.0,0.0
2016-10-20,217.74,218.02,215.79,5255049013884.0,0.0
2016-10-19,216.39,217.04,215.42,5222400897521.0,0.0
2016-10-18,216.49,216.66,214.95,5224714392998.0,0.0
2016-10-17,213.52,214.79,213.35,5153013097688.0,0.0
2016-10-14,214.89,215.04,213.59,5185866893089.0,0.0
2016-10-13,212.4,213.8,211.74,5125834235478.0,0.0
2016-10-12,214.13,216.27,214.13,5167694253377.0,0.0
2016-10-11,216.03,217.69,215.98,5213341982608.0,0.0
2016-10-10,217.73,217.73,215.21,5254473829837.0,0.0
2016-10-07,215.63,216.4,214.88,5203703762258.0,633978156.0
2016-10-06,216.71,217.61,216.15,5230413283306.0,0.0
2016-10-05,216.58,216.93,215.88,5227328856615.0,0.0
2016-10-04,217.37,217.37,215.84,5246384147528.0,0.0
2016-10-03,215.78,216.69,215.21,5205426846933.0,0.0
2016-09-30,215.24,215.24,210.95,5196906219931.0,0.0
2016-09-29,214.59,215.72,214.27,5180793664917.0,0.0
2016-09-28,213.65,215.01,213.37,5158263661872.0,0.0
2016-09-27,212.98,213.85,210.59,5141925590725.0,0.0
2016-09-26,212.47,214.44,212.1,5129809230995.0,0.0
2016-09-23,215.16,216.09,214.48,5194749575529.0,0.0
2016-09-22,216.34,216.48,214.12,5223020691768.0,0.0
2016-09-21,212.84,214.52,212.54,5138716366353.0,0.0
2016-09-20,212.42,213.3,212.16,5128570289183.0,0.0
2016-09-19,212.59,212.82,211.42,5132660818981.0,0.0
2016-09-16,210.38,211.49,210.23,5079305386857.0,0.0
2016-09-15,211.67,211.71,209.61,5110466637105.0,0.0
2016-09-14,210.47,211.43,210.08,5081369895201.0,0.0
2016-09-13,210.39,212.84,210.39,5079594585587.0,0.0
2016-09-12,211.32,211.36,208.8,5101521767083.0,0.0
2016-09-09,212.74,214.95,212.51,5135899779699.0,0.0
2016-09-08,214.77,215.39,213.68,5184918176099.0,0.0
2016-09-07,215.14,215.32,214.39,5193765973004.0,0.0
2016-09-06,214.22,215.3,214.08,5171568387761.0,0.0
2016-09-05,214.84,215.02,214.47,5186690180948.0,0.0
2016-09-02,214.14,214.14,211.61,5169798012680.0,92144762.0
2016-09-01,211.43,213.1,211.39,5104454077145.0,0.0
2016-08-31,211.42,213.02,211.42,5107059305024.0,0.0
2016-08-30,211.85,212.71,211.42,5117569021299.0,0.0
2016-08-29,211.05,211.05,209.28,5098165314866.0,0.0
2016-08-26,210.98,211.23,208.77,5096556099208.0,0.0
2016-08-25,209.71,210.32,209.19,5065754740020.0,0.0
2016-08-24,210.78,211.58,208.87,5091667896572.0,0.0
2016-08-23,209.93,210.18,208.62,5071045694641.0,0.0
2016-08-22,207.69,209.28,207.16,5017047037958.0,0.0
2016-08-19,208.0,209.74,207.14,5024504413063.0,0.0
2016-08-18,209.36,209.56,208.69,5057236746840.0,0.0
2016-08-17,207.7,210.55,207.55,5017119219444.0,330251701.0
2016-08-16,209.93,211.4,209.93,5071271454235.0,0.0
2016-08-15,212.19,212.58,211.18,5125787588321.0,0.0
2016-08-12,211.08,211.76,210.71,5099187246435.0,0.0
2016-08-11,211.48,211.48,209.44,5108861286108.0,1010713874.0
2016-08-10,210.05,210.39,209.78,5075262518923.0,0.0
2016-08-09,210.75,210.75,206.8,5092019332155.0,0.0
2016-08-08,207.1,207.53,206.67,5003979877062.0,0.0
2016-08-05,206.36,206.65,204.56,4986012080674.0,0.0
2016-08-04,204.28,204.28,202.83,4991855012527.0,0.0
2016-08-03,202.24,203.72,201.64,4941939368871.0,0.0
2016-08-02,203.38,206.27,203.15,4969650206827.0,0.0
2016-08-01,206.23,208.4,205.56,5039332532218.0,0.0
2016-07-29,207.17,207.52,206.45,5066777887854.0,0.0
2016-07-28,206.46,208.07,206.39,5049367192801.0,0.0
2016-07-27,207.3,208.18,207.17,5069960258829.0,0.0
2016-07-26,206.48,207.34,205.58,5049943057883.0,0.0
2016-07-25,206.88,208.16,206.16,5059596918954.0,0.0
2016-07-22,205.42,206.17,204.92,5023927078232.0,0.0
2016-07-21,206.05,207.36,205.0,5039441865537.0,0.0
2016-07-20,206.93,206.93,205.34,5060865121570.0,0.0
2016-07-19,204.84,205.46,203.35,5009682885586.0,0.0
2016-07-18,204.32,205.64,203.4,4996985783673.0,0.0
2016-07-15,204.6,205.12,203.39,5003673703221.0,0.0
2016-07-14,203.74,204.32,202.92,4982702645170.0,0.0
2016-07-13,202.75,203.67,201.93,4958613861181.0,0.0
2016-07-12,202.3,202.99,201.35,4943019967871.0,0.0
2016-07-11,201.68,201.82,199.13,4927863945928.0,2964390317.0
2016-07-08,197.94,197.94,194.35,4839310015084.0,0.0
2016-07-07,194.84,195.96,193.13,4763655935514.0,0.0
2016-07-06,192.01,194.52,190.91,4694292048783.0,0.0
2016-07-05,194.75,197.55,194.39,4756712068882.0,0.0
2016-07-04,197.84,200.65,197.73,4832055576690.0,0.0
2016-07-01,199.85,200.01,197.73,4881148470029.0,0.0
2016-06-30,197.13,197.26,194.08,4818128396505.0,0.0
2016-06-29,195.08,195.08,191.18,4768115279679.0,0.0
2016-06-28,190.58,192.04,189.75,4658192791172.0,0.0
2016-06-27,186.26,192.57,185.62,4550705453745.0,0.0
2016-06-23,202.51,203.18,200.56,4948395702056.0,0.0
2016-06-22,201.25,201.66,199.35,4917513993568.0,0.0
2016-06-21,200.11,0.0,0.0,4889774049368.0,0.0
2016-06-20,199.15,199.16,196.69,4867237881603.0,0.0
2016-06-17,193.13,193.3,191.38,4720116051853.0,0.0
2016-06-16,190.34,192.05,189.41,4651971046284.0,0.0
2016-06-15,194.02,194.38,191.73,4741739651781.0,0.0
2016-06-14,190.58,192.45,189.99,4657441353199.0,0.0
2016-06-13,193.73,196.55,193.21,4734848523735.0,0.0
2016-06-10,196.95,200.93,196.73,4813534759872.0,0.0
2016-06-09,201.35,203.55,201.18,4909101044464.0,0.0
2016-06-08,203.58,204.07,203.17,4963494745949.0,0.0
2016-06-07,204.12,204.15,202.84,4976784554360.0,0.0
2016-06-03,201.15,204.32,200.24,4915743418179.0,0.0
2016-06-02,203.07,203.36,202.24,4962776284740.0,0.0
2016-06-01,202.67,204.15,202.1,4953019701989.0,0.0
2016-05-31,204.55,205.83,204.54,5001375004390.0,0.0
2016-05-30,205.53,205.76,204.7,5025464866056.0,0.0
2016-05-27,205.15,205.49,204.15,5015828088953.0,0.0
2016-05-26,204.87,204.87,203.33,5014033714557.0,2703625815.0
2016-05-25,203.59,204.07,203.12,4985456086677.0,3171130640.0
2016-05-24,202.21,202.35,198.56,4953015918337.0,369202545.0
2016-05-23,200.07,200.56,198.92,4898678806358.0,0.0
2016-05-20,200.21,200.21,198.43,4895873210912.0,309965064.0
2016-05-19,197.26,199.05,197.26,4823934040552.0,0.0
2016-05-18,199.79,199.79,197.43,4885922455905.0,2742786782.0
2016-05-17,198.73,200.73,198.16,4864804094618.0,335252116.0
2016-05-16,199.14,199.16,196.16,4875054297813.0,0.0
2016-05-13,197.62,197.77,194.88,4837855621747.0,580318450.0
2016-05-12,195.76,198.33,195.67,4792959477066.0,327735790.0
2016-05-11,197.48,198.97,196.9,4835313570396.0,10613460717.0
2016-05-10,197.88,199.3,197.45,4855860347168.0,2161706355.0
2016-05-09,197.45,198.5,195.74,4847323598929.0,0.0
2016-05-06,194.96,195.71,193.91,4786355197803.0,1217707040.0
2016-05-04,195.88,197.65,195.71,4810122071354.0,16689951653.0
2016-05-03,197.09,199.22,195.88,4856507130064.0,502959163.0
2016-05-02,199.2,200.62,198.88,4908986038608.0,560040622.0
2016-04-29,200.06,202.33,199.65,4921206044112.0,5593066375.0
2016-04-28,203.6,203.76,200.42,5016118337901.0,3155883467.0
2016-04-27,203.32,204.37,202.6,5012436448194.0,4331531278.0
2016-04-26,203.31,204.5,202.87,5016526116272.0,1782689339.0
2016-04-25,202.93,204.21,202.26,5009064845334.0,0.0
2016-04-22,203.53,205.16,203.19,5023696745533.0,1993358465.0
2016-04-21,205.53,207.12,204.54,5075176078337.0,2617193906.0
2016-04-20,206.67,206.67,204.94,5105901626929.0,320597893.0
2016-04-19,205.65,206.01,202.55,5081032451878.0,0.0
2016-04-18,201.63,202.19,199.33,4981709022783.0,0.0
2016-04-15,201.55,202.23,201.4,4979854543644.0,6978407390.0
2016-04-14,201.77,203.41,201.43,4992075135922.0,13118631121.0
2016-04-13,202.37,202.62,200.7,5020134667932.0,6495127172.0
2016-04-12,198.91,199.17,197.26,4940823633159.0,1017104147.0
2016-04-11,199.22,200.05,197.29,4949361957546.0,0.0
2016-04-08,198.77,198.77,195.31,4938267427417.0,0.0
2016-04-07,194.32,196.72,194.3,4827727995921.0,12169404343.0
2016-04-06,196.54,196.54,193.39,4895187711988.0,12112461225.0
2016-04-05,193.93,195.87,192.84,4842184378212.0,0.0
2016-04-04,197.37,198.58,196.24,4928008492553.0,0.0
2016-04-01,197.18,197.43,195.13,4923323818636.0,2504430874.0
2016-03-31,198.0,198.49,197.43,4951636576452.0,622673316.0
2016-03-30,199.21,200.09,196.55,4982457719562.0,0.0
2016-03-29,195.13,196.41,194.04,4880438946980.0,0.0
2016-03-24,194.93,196.48,194.93,4875386082451.0,0.0
2016-03-23,197.43,198.95,196.76,4937867530894.0,11538067717.0
2016-03-22,198.09,198.09,194.38,4965635242334.0,0.0
2016-03-21,197.4,199.0,197.02,4948343820268.0,0.0
2016-03-18,198.83,198.83,196.53,4984220064812.0,25515610722.0
2016-03-17,197.54,199.18,194.0,4977033018884.0,9631060929.0
2016-03-16,197.46,199.59,196.75,4988363327300.0,0.0
2016-03-15,198.47,199.76,198.39,5014012103305.0,0.0
2016-03-14,200.74,201.52,199.55,5071252819069.0,0.0
2016-03-11,199.79,199.87,197.88,5047263488702.0,0.0
2016-03-10,195.51,200.63,195.51,4939051519274.0,0.0
2016-03-09,197.22,197.68,195.62,4982299645356.0,0.0
2016-03-08,196.14,197.38,195.62,4955091530406.0,0.0
2016-03-07,197.42,198.32,196.34,4987548042206.0,0.0
2016-03-04,198.23,199.01,196.43,5007971639161.0,0.0
2016-03-03,196.18,196.86,195.67,4956032969491.0,0.0
2016-03-02,195.85,198.69,194.58,4947814190328.0,0.0
2016-03-01,197.2,197.23,193.02,4981942265753.0,0.0
2016-02-29,194.69,194.91,191.23,4919949717541.0,0.0
2016-02-26,194.25,195.25,193.42,4908825127998.0,0.0
2016-02-25,192.93,192.93,190.01,4875406837232.0,0.0
2016-02-24,188.71,193.83,188.28,4768652414467.0,0.0
2016-02-23,193.5,195.98,193.5,4889843006234.0,0.0
2016-02-22,196.02,196.06,193.96,4953411039009.0,0.0
2016-02-19,192.1,193.99,191.34,4854433778749.0,0.0
2016-02-18,193.13,194.89,192.33,4880413581489.0,2429791926.0
2016-02-17,193.54,193.54,188.38,4893182297460.0,347740651.0
2016-02-16,187.2,190.06,186.53,4733288461512.0,0.0
2016-02-15,188.17,188.17,185.47,4757598029902.0,0.0
2016-02-12,181.74,181.74,178.21,4595030209574.0,0.0
2016-02-11,176.75,180.58,176.75,4468807916007.0,0.0
2016-02-10,182.04,183.13,178.66,4602727988519.0,0.0
2016-02-09,178.56,180.53,176.02,4514665849346.0,0.0
2016-02-08,179.04,188.43,178.97,4526724674572.0,0.0
2016-02-05,187.11,189.68,186.74,4730863689150.0,0.0
2016-02-04,187.61,187.75,183.99,4743390390541.0,0.0
2016-02-03,184.5,187.89,183.08,4664806291424.0,0.0
2016-02-02,186.43,189.13,185.71,4713579440772.0,0.0
2016-02-01,189.41,191.95,188.46,4789038269110.0,0.0
2016-01-29,190.79,190.86,188.36,4825186542894.0,0.0
2016-01-28,187.94,191.98,187.37,4753072864573.0,0.0
2016-01-27,191.53,192.86,190.05,4844082979123.0,0.0
2016-01-26,192.75,192.81,187.08,4874834895528.0,0.0
2016-01-25,190.13,191.65,188.94,4808484623037.0,0.0
2016-01-22,190.71,191.12,187.53,4799683970187.0,0.0
2016-01-21,184.17,185.06,180.53,4634926598471.0,0.0
2016-01-20,181.4,183.86,181.25,4565200901438.0,0.0
2016-01-19,187.09,188.22,186.32,4708535053182.0,0.0
2016-01-18,183.7,186.21,183.22,4623286871956.0,0.0
2016-01-15,183.91,189.93,182.71,4628605781711.0,0.0
2016-01-14,188.82,190.69,187.15,4752063838088.0,0.0
2016-01-13,192.37,194.83,191.84,4841327853877.0,0.0
2016-01-12,191.44,193.6,190.6,4817989729285.0,0.0
2016-01-11,190.83,192.75,189.99,4802570071829.0,0.0
2016-01-08,191.11,195.33,191.11,4809570365704.0,0.0
2016-01-07,192.52,193.8,188.44,4845183041269.0,0.0
2016-01-05,197.07,200.19,196.65,4959602612086.0,0.0
2016-01-04,198.14,201.81,197.94,4986534040108.0,0.0
2015-12-30,204.94,205.8,204.16,5055848504623.0,0.0
2015-12-29,205.52,205.52,204.06,5070198207702.0,0.0
2015-12-28,202.99,205.15,202.59,5005558730457.0,0.0
2015-12-23,204.54,204.54,202.04,5043827571062.0,0.0
2015-12-22,200.21,202.05,199.67,4937094544605.0,0.0
2015-12-21,200.91,204.16,200.91,4954287804570.0,0.0
2015-12-18,201.48,202.77,200.47,4968406916276.0,0.0
2015-12-17,203.55,206.24,203.08,5019325775088.0,0.0
2015-12-16,201.81,203.37,200.68,4976451277249.0,0.0
2015-12-15,201.49,201.55,197.36,4968533791663.0,0.0
2015-12-14,196.59,200.55,196.51,4847894558512.0,0.0
2015-12-11,198.46,202.57,198.15,4893931095469.0,0.0
2015-12-10,202.86,204.11,202.12,5002352595375.0,0.0
2015-12-09,203.82,206.13,202.13,5026154256772.0,0.0
2015-12-08,205.44,210.31,204.86,5066072194106.0,0.0
2015-12-07,210.63,212.04,209.99,5194076909583.0,0.0
2015-12-04,209.15,211.1,207.69,5157482366020.0,0.0
2015-12-03,211.55,216.7,211.55,5216558410135.0,0.0
2015-12-02,215.66,216.25,214.34,5318021928995.0,0.0
2015-12-01,215.01,216.66,214.64,5301954344600.0,0.0
2015-11-30,215.32,215.92,212.43,5310820947012.0,0.0
2015-11-27,213.3,213.87,211.54,5260854939633.0,0.0
2015-11-26,213.12,213.33,210.97,5257118047001.0,0.0
2015-11-25,211.39,211.6,209.17,5197548472578.0,0.0
2015-11-24,209.11,212.33,208.65,5141292426571.0,0.0
2015-11-23,212.77,213.21,211.76,5231355776462.0,0.0
2015-11-20,213.28,213.58,211.11,5243977300684.0,0.0
2015-11-19,212.05,214.14,211.47,5213736877163.0,0.0
2015-11-18,211.92,212.05,210.75,5210609829398.0,0.0
2015-11-17,211.77,211.77,209.04,5206778883682.0,357838506.0
2015-11-16,207.33,208.05,204.64,5097939104291.0,0.0
2015-11-13,206.68,208.05,205.91,5082078696230.0,0.0
2015-11-12,208.49,211.65,208.47,5126529066749.0,0.0
2015-11-11,211.41,212.3,210.4,5198203840372.0,0.0
2015-11-10,209.72,212.04,208.25,5156643475935.0,0.0
2015-11-09,211.35,214.59,211.35,5196897562251.0,0.0
2015-11-06,213.1,214.3,211.86,5239766828789.0,0.0
2015-11-05,212.55,213.85,212.34,5226197553332.0,0.0
2015-11-04,213.13,213.7,211.22,5240526778909.0,0.0
2015-11-03,210.38,210.48,208.91,5172848743019.0,0.0
2015-11-02,209.59,210.41,206.99,5153486553733.0,0.0
2015-10-30,208.93,210.03,208.47,5136716655959.0,0.0
2015-10-29,208.44,209.38,207.05,5124667301830.0,3688839312.0
2015-10-28,208.58,208.66,206.41,5131922412765.0,0.0
2015-10-27,206.86,208.64,206.62,5089446701962.0,0.0
2015-10-26,208.83,209.89,207.91,5137972446901.0,650614932.0
2015-10-23,208.74,209.68,206.03,5136495153810.0,0.0
2015-10-22,205.59,205.67,199.41,5059032942191.0,633978156.0
2015-10-21,201.51,202.57,200.24,4959072685041.0,0.0
2015-10-20,202.88,203.47,200.56,4992769386805.0,0.0
2015-10-19,201.57,202.7,200.88,4960630257665.0,0.0
2015-10-16,200.83,203.17,199.97,4942503781727.0,0.0
2015-10-15,201.14,201.14,199.72,4950156518869.0,0.0
2015-10-14,199.69,201.23,199.51,4914306806681.0,0.0
2015-10-13,201.93,205.11,201.07,4969524145301.0,0.0
2015-10-12,204.77,207.71,203.72,5039484320795.0,0.0
2015-10-09,205.01,205.87,203.98,5045192452411.0,0.0
2015-10-08,202.47,202.53,200.39,4982854786102.0,0.0
2015-10-07,200.96,203.64,200.96,4945734241385.0,0.0
2015-10-06,201.73,202.76,199.59,4964507974994.0,0.0
2015-10-05,201.58,201.58,197.78,4960819557763.0,0.0
2015-10-02,195.45,197.74,193.32,4809971771653.0,0.0
2015-10-01,194.47,198.52,193.89,4785990141310.0,0.0
2015-09-30,195.89,196.74,194.55,4819931566814.0,0.0
2015-09-29,192.29,193.47,189.06,4731250257404.0,0.0
2015-09-28,191.97,195.34,191.97,4723360091998.0,0.0
2015-09-25,195.75,196.22,193.66,4816415936845.0,0.0
2015-09-24,190.85,196.42,190.48,4695842154066.0,0.0
2015-09-23,196.28,197.46,195.16,4829428382063.0,0.0
2015-09-22,196.35,199.74,195.19,4831172397957.0,0.0
2015-09-21,201.35,201.95,198.8,4954236012356.0,0.0
2015-09-18,199.96,202.86,199.08,4920117130329.0,0.0
2015-09-17,204.04,204.37,203.31,5020356470942.0,0.0
2015-09-16,203.73,204.59,202.96,5012893577457.0,0.0
2015-09-15,201.77,202.32,199.36,4964639445478.0,0.0
2015-09-14,201.77,205.03,201.28,4964635380283.0,0.0
2015-09-11,204.56,206.1,204.14,5033173833438.0,0.0
2015-09-10,205.5,207.03,204.81,5056412857412.0,0.0
2015-09-09,207.33,209.57,207.19,5101301080801.0,0.0
2015-09-08,204.67,205.99,203.6,5036000870759.0,0.0
2015-09-07,202.48,203.54,201.81,4981941529637.0,0.0
2015-09-04,201.07,204.0,200.85,4947428838524.0,0.0
2015-09-03,206.09,206.83,203.08,5070894293697.0,0.0
2015-09-02,201.83,203.6,200.76,4966127189648.0,184289388.0
2015-09-01,201.53,204.23,200.42,4958759103440.0,0.0
2015-08-31,205.84,206.14,203.66,5064897501702.0,0.0
2015-08-28,206.65,206.75,204.37,5084924518267.0,0.0
2015-08-27,205.85,206.02,203.74,5065071590570.0,0.0
2015-08-26,200.03,204.01,197.53,4921888229543.0,0.0
2015-08-25,202.65,203.23,197.19,4986328946910.0,0.0
2015-08-24,195.39,200.75,192.31,4807751188905.0,0.0
2015-08-21,204.67,209.47,204.67,5036163149586.0,0.0
2015-08-20,209.98,212.72,209.79,5166682801199.0,0.0
2015-08-19,213.0,216.13,212.98,5241069134356.0,336406589.0
2015-08-18,217.11,218.28,216.7,5342434045554.0,0.0
2015-08-17,218.05,219.61,216.26,5365544673517.0,0.0
2015-08-14,217.4,218.81,216.94,5349760512218.0,0.0
2015-08-13,218.01,218.74,217.16,5364760477660.0,1196742709.0
2015-08-12,215.26,219.08,215.01,5298105861259.0,0.0
2015-08-11,220.56,223.46,220.12,5428545964003.0,0.0
2015-08-10,223.23,223.24,219.3,5494338420609.0,0.0
2015-08-07,219.66,220.96,219.66,5406602856030.0,0.0
2015-08-06,221.02,221.73,220.88,5439922760584.0,0.0
2015-08-05,221.62,221.78,220.01,5454785897774.0,0.0
2015-08-04,219.62,220.23,218.95,5405508913645.0,0.0
2015-08-03,220.36,220.63,219.23,5423654985961.0,0.0
2015-07-31,219.79,219.79,217.91,5408372765243.0,0.0
2015-07-30,218.4,219.11,217.0,5374273089920.0,0.0
2015-07-29,217.65,218.28,215.86,5355898714064.0,0.0
2015-07-28,216.39,217.29,215.15,5324707612304.0,0.0
2015-07-27,215.4,219.17,215.35,5300510063883.0,801769564.0
2015-07-24,219.86,221.72,219.62,5410993289566.0,0.0
2015-07-23,220.89,222.79,220.45,5436346364620.0,0.0
2015-07-22,220.89,222.47,220.89,5436372749151.0,0.0
2015-07-21,223.17,225.73,223.03,5492476094047.0,0.0
2015-07-20,225.12,225.54,223.61,5540389847071.0,0.0
2015-07-17,222.6,223.99,221.9,5478416600864.0,0.0
2015-07-16,222.68,222.91,219.5,5480388136002.0,0.0
2015-07-15,218.16,219.68,217.98,5369268261023.0,0.0
2015-07-14,220.14,220.31,219.08,5417808778879.0,0.0
2015-07-13,220.18,220.41,218.49,5418798269815.0,0.0
2015-07-10,216.8,216.8,214.44,5335763671456.0,0.0
2015-07-09,211.51,211.76,207.87,5205576274259.0,0.0
2015-07-08,207.34,208.42,205.59,5102886539937.0,0.0
2015-07-07,206.82,210.4,206.82,5089962650003.0,0.0
2015-07-06,208.55,210.08,208.25,5132676201832.0,0.0
2015-07-03,212.02,213.15,210.9,5218095657723.0,0.0
2015-07-02,212.82,214.7,212.77,5238631702569.0,0.0
2015-07-01,214.36,215.24,210.63,5276704779459.0,0.0
2015-06-30,209.88,212.19,209.11,5168072424110.0,0.0
2015-06-29,211.98,215.13,209.84,5219787875017.0,0.0
2015-06-26,218.28,219.09,215.23,5375041552935.0,0.0
2015-06-25,217.29,218.66,216.53,5350693623434.0,0.0
2015-06-24,218.35,220.55,217.85,5376575285369.0,0.0
2015-06-23,219.73,220.71,218.5,5410653948340.0,0.0
2015-06-22,217.65,217.65,214.64,5359360150395.0,0.0
2015-06-18,212.06,212.46,208.9,5213773087757.0,0.0
2015-06-17,212.76,215.3,212.58,5231077225063.0,0.0
2015-06-16,214.88,215.29,210.0,5283061873806.0,0.0
2015-06-15,212.7,215.33,212.02,5229390984621.0,0.0
2015-06-12,217.1,218.99,216.01,5337809190346.0,0.0
2015-06-11,218.39,220.23,217.5,5369406522591.0,0.0
2015-06-10,218.97,219.27,214.86,5383602410198.0,0.0
2015-06-09,216.0,216.81,213.72,5310600985395.0,0.0
2015-06-08,216.32,218.65,216.32,5318600292096.0,0.0
2015-06-05,218.71,220.29,217.99,5377202663162.0,0.0
2015-06-04,221.33,223.3,220.61,5441620651749.0,0.0
2015-06-03,223.75,224.97,222.68,5501200174210.0,0.0
2015-06-02,223.34,225.66,222.43,5491170628516.0,0.0
2015-06-01,225.01,226.07,224.38,5532136310994.0,0.0
2015-05-29,224.5,227.59,224.5,5542723071500.0,0.0
2015-05-28,227.44,227.58,226.31,5615346959636.0,0.0
2015-05-27,227.22,227.22,224.07,5610071584532.0,0.0
2015-05-26,224.03,226.33,223.74,5532304582525.0,0.0
2015-05-25,225.68,225.7,224.37,5573021863786.0,0.0
2015-05-22,225.41,226.08,224.28,5566184939182.0,1007261119.0
2015-05-21,224.72,224.72,222.84,5550027433186.0,0.0
2015-05-20,224.08,224.22,222.89,5534329200773.0,2904902408.0
2015-05-19,223.61,223.83,221.98,5529992205999.0,2318675342.0
2015-05-18,221.67,222.14,220.19,5485359346389.0,2105466401.0
2015-05-15,220.72,222.65,220.56,5464017123453.0,588891989.0
2015-05-13,220.55,220.55,218.43,5468356941284.0,6904575270.0
2015-05-12,217.95,219.3,216.68,5410626601395.0,262422131.0
2015-05-11,220.58,221.51,219.57,5476173875009.0,1043748891.0
2015-05-08,220.38,220.71,215.95,5472291672106.0,6676293188.0
2015-05-07,216.38,217.01,212.05,5379466900596.0,5387396623.0
2015-05-06,216.07,218.75,214.83,5377105126638.0,2442988828.0
2015-05-05,218.02,224.01,218.02,5428158602450.0,3133964234.0
2015-05-04,222.97,224.24,222.41,5554403308184.0,0.0
2015-04-30,222.09,223.57,219.98,5534713780311.0,14551552000.0
2015-04-29,222.08,229.34,221.59,5548935812421.0,4032526812.0
2015-04-28,227.72,232.54,226.77,5693950433713.0,0.0
2015-04-27,233.02,233.02,229.99,5826391723976.0,0.0
2015-04-24,229.78,229.94,228.5,5745563075804.0,4091219446.0
2015-04-23,228.35,231.13,227.24,5713834481944.0,2122506451.0
2015-04-22,230.32,231.49,227.93,5765333099785.0,1360120443.0
2015-04-21,228.97,229.26,226.99,5732824234826.0,0.0
2015-04-20,226.49,226.49,224.08,5670724742158.0,0.0
2015-04-17,223.66,228.07,223.66,5599737057068.0,1901019532.0
2015-04-16,228.11,230.48,228.11,5713093391550.0,4591233293.0
2015-04-15,230.41,230.86,229.04,5775451612978.0,11543939451.0
2015-04-14,228.79,229.33,227.91,5746322113840.0,0.0
2015-04-13,228.47,228.56,227.0,5738196127016.0,0.0
2015-04-10,228.09,228.09,227.11,5728609836492.0,2700058570.0
2015-04-09,227.39,227.39,226.1,5713889596946.0,12990254343.0
2015-04-08,225.27,227.02,225.22,5673521500176.0,0.0
2015-04-07,226.48,226.83,225.29,5703814380455.0,0.0
2015-04-02,223.44,223.44,222.5,5627380057101.0,6385260660.0
2015-04-01,222.28,223.16,220.53,5604356594984.0,0.0
2015-03-31,222.03,224.39,221.76,5599064706806.0,0.0
2015-03-30,223.78,223.78,221.3,5643008954045.0,0.0
2015-03-27,220.44,222.63,220.4,5558924776292.0,18510889035.0
2015-03-26,221.0,221.0,218.3,5591488485884.0,18990981013.0
2015-03-25,222.69,224.08,222.03,5656754132823.0,650614932.0
2015-03-24,223.58,223.73,222.34,5679197960229.0,0.0
2015-03-23,222.92,224.19,222.49,5662364320378.0,0.0
2015-03-20,224.57,224.57,222.84,5704284853398.0,23991285497.0
2015-03-19,223.02,224.22,221.91,5688598816115.0,891950526.0
2015-03-18,222.24,223.08,218.39,5669654609842.0,0.0
2015-03-17,218.79,220.81,217.62,5581552221478.0,0.0
2015-03-16,220.54,220.63,218.26,5626367180931.0,0.0
2015-03-13,217.6,218.01,216.97,5551238027629.0,0.0
2015-03-12,216.92,217.56,215.86,5533979633093.0,0.0
2015-03-11,217.02,217.44,213.63,5536324365396.0,0.0
2015-03-10,214.34,217.01,214.21,5468068389409.0,0.0
2015-03-09,216.82,217.37,214.43,5531325669335.0,0.0
2015-03-06,217.26,218.9,217.15,5542627758626.0,0.0
2015-03-05,218.35,219.36,218.23,5570279697979.0,0.0
2015-03-04,217.4,217.67,214.83,5546083231688.0,0.0
2015-03-03,217.67,221.99,217.48,5553013197718.0,0.0
2015-03-02,221.04,222.85,219.73,5639015399706.0,0.0
2015-02-27,221.76,222.12,220.3,5660040044142.0,0.0
2015-02-26,221.11,221.2,220.25,5643552032985.0,0.0
2015-02-25,220.38,221.11,219.94,5624734868394.0,0.0
2015-02-24,220.94,221.12,218.84,5639171953617.0,0.0
2015-02-23,220.41,220.41,218.82,5625530519775.0,0.0
2015-02-20,218.39,218.45,217.12,5574057432177.0,0.0
2015-02-19,218.35,218.35,216.04,5573016269368.0,2538214903.0
2015-02-18,217.1,217.1,215.04,5543676707253.0,300986883.0
2015-02-17,214.17,215.29,213.55,5468998409691.0,0.0
2015-02-16,216.09,216.09,215.2,5518048672174.0,0.0
2015-02-13,215.79,216.05,214.49,5510346260233.0,0.0
2015-02-12,213.69,214.32,209.91,5456832936690.0,0.0
2015-02-11,209.34,210.74,208.94,5345732712963.0,0.0
2015-02-10,210.36,210.72,208.08,5371825606351.0,0.0
2015-02-09,208.68,208.73,207.58,5328835488058.0,0.0
2015-02-06,209.61,209.8,207.38,5352557144907.0,0.0
2015-02-05,207.78,207.86,205.7,5305830055427.0,0.0
2015-02-04,206.48,208.21,205.77,5272809457970.0,0.0
2015-02-03,207.89,208.22,206.69,5308692536896.0,0.0
2015-02-02,205.83,206.19,204.78,5255988531874.0,0.0
2015-01-30,205.4,206.35,205.32,5248167624450.0,0.0
2015-01-29,204.79,204.82,202.23,5232420802427.0,0.0
2015-01-28,203.7,203.7,201.02,5204593658060.0,0.0
2015-01-27,200.27,203.19,199.41,5116999032839.0,0.0
2015-01-26,203.17,203.17,199.68,5191182763194.0,0.0
2015-01-23,200.79,201.23,199.99,5130221103644.0,0.0
2015-01-22,199.12,199.4,196.49,5087723287285.0,0.0
2015-01-21,196.33,196.33,194.3,5016389280361.0,0.0
2015-01-20,195.2,195.95,193.89,4987562589001.0,0.0
2015-01-19,193.34,193.73,192.11,4939952421795.0,0.0
2015-01-16,192.28,192.44,189.69,4912787313963.0,0.0
2015-01-15,191.11,191.15,186.42,4882866934857.0,0.0
2015-01-14,188.45,191.47,188.45,4815114915367.0,0.0
2015-01-13,192.33,192.7,190.53,4914243407752.0,0.0
2015-01-12,190.91,191.81,189.92,4877911115239.0,0.0
2015-01-09,189.62,191.71,188.98,4844996616172.0,0.0
2015-01-08,191.04,191.21,187.63,4881310684938.0,0.0
2015-01-07,186.43,188.74,186.43,4763429264171.0,0.0
2015-01-05,190.67,192.09,190.48,4871695064970.0,0.0
2015-01-02,191.51,192.55,191.18,4893222448632.0,0.0
2014-12-30,191.36,192.78,191.25,4809133101300.0,0.0
2014-12-29,193.19,193.36,192.36,4855255058114.0,0.0
2014-12-23,192.23,192.43,191.07,4831098179308.0,0.0
2014-12-22,191.16,191.53,190.05,4804117707665.0,0.0
2014-12-19,189.85,190.13,187.82,4771284948044.0,0.0
2014-12-18,188.4,188.4,185.5,4734756638305.0,0.0
2014-12-17,183.6,183.81,182.55,4614233662457.0,0.0
2014-12-16,184.32,184.47,181.16,4632176938449.0,0.0
2014-12-15,183.85,187.37,183.85,4620171796290.0,0.0
2014-12-12,185.9,188.83,185.9,4671878097721.0,0.0
2014-12-11,189.38,190.1,188.27,4759169726907.0,0.0
2014-12-10,189.39,190.56,189.11,4759591386394.0,0.0
2014-12-09,189.13,190.81,188.64,4753005168625.0,0.0
2014-12-08,191.21,191.72,191.01,4805136117966.0,0.0
2014-12-05,191.97,191.97,189.79,4824415440091.0,0.0
2014-12-04,188.67,191.3,188.62,4741281015468.0,0.0
2014-12-03,190.74,190.82,188.95,4793488542929.0,0.0
2014-12-02,188.7,190.16,188.42,4742129632055.0,0.0
2014-12-01,188.69,0.0,0.0,4741916324606.0,0.0
2014-11-28,189.9,0.0,0.0,4773872421647.0,0.0
2014-11-27,190.67,190.86,189.74,4793305265146.0,0.0
2014-11-26,189.66,191.8,189.43,4767803814161.0,0.0
2014-11-25,190.84,190.9,189.38,4797533068877.0,0.0
2014-11-24,189.51,189.51,188.1,4764028941424.0,0.0
2014-11-21,188.37,0.0,0.0,4735308798121.0,0.0
2014-11-20,185.46,0.0,0.0,4662328418750.0,0.0
2014-11-19,186.0,186.51,185.76,4675785159087.0,0.0
2014-11-18,186.53,186.53,185.0,4689215868262.0,277092917.0
2014-11-17,185.03,185.22,183.62,4651713186283.0,0.0
2014-11-14,184.65,185.66,184.15,4642183308670.0,0.0
2014-11-13,185.39,185.59,184.24,4660616040561.0,0.0
2014-11-12,183.84,185.8,183.84,4621671462913.0,0.0
2014-11-11,185.63,185.64,184.98,4664853126755.0,0.0
2014-11-10,184.76,0.0,0.0,4642991767729.0,0.0
2014-11-07,183.8,0.0,0.0,4618704029163.0,0.0
2014-11-06,184.21,0.0,0.0,4629029336020.0,0.0
2014-11-05,184.05,0.0,0.0,4624864764357.0,0.0
2014-11-04,182.35,0.0,0.0,4582157298438.0,0.0
2014-11-03,182.23,0.0,0.0,4579254162611.0,0.0
2014-10-31,183.87,183.87,182.66,4619967888959.0,0.0
2014-10-30,181.66,181.79,179.49,4564472427937.0,0.0
2014-10-29,180.76,181.23,180.03,4541790299533.0,0.0
2014-10-28,179.58,179.59,177.38,4512292222164.0,0.0
2014-10-27,176.71,178.42,175.35,4440087479654.0,53210958092000.0
2014-10-24,176.48,177.74,175.94,4434897122599.0,0.0
2014-10-23,176.89,177.08,173.55,4445355347846.0,0.0
2014-10-22,174.62,175.05,172.99,4388268690567.0,0.0
2014-10-21,172.95,172.95,168.29,4346412223544.0,0.0
2014-10-20,168.83,169.28,167.09,4242850586703.0,0.0
2014-10-17,169.18,169.18,164.05,4251659594497.0,0.0
2014-10-16,164.26,166.03,161.01,4128003913070.0,0.0
2014-10-15,164.11,168.97,164.01,4124052401394.0,0.0
2014-10-14,168.78,168.92,166.29,4238742947037.0,0.0
2014-10-13,167.04,168.75,166.38,4194986696845.0,0.0
2014-10-10,168.1,169.93,167.47,4221640927749.0,0.0
2014-10-09,170.75,174.15,170.12,4288155926094.0,0.0
2014-10-08,171.85,172.41,171.02,4315679475397.0,0.0
2014-10-07,172.63,176.19,172.63,4335424341703.0,0.0
2014-10-06,176.41,178.45,176.41,4430267696285.0,0.0
2014-10-03,176.92,177.19,176.04,4443229223123.0,0.0
2014-10-02,175.01,178.55,175.01,4395026494423.0,0.0
2014-10-01,178.56,180.87,178.56,4484357033291.0,0.0
2014-09-30,181.24,181.25,179.8,4551981079984.0,0.0
2014-09-29,179.97,180.93,179.0,4520198561304.0,0.0
2014-09-26,180.44,180.93,179.4,4531760437993.0,0.0
2014-09-25,180.0,182.7,179.78,4520947979370.0,0.0
2014-09-24,182.22,182.22,180.99,4576635858036.0,0.0
2014-09-23,181.76,183.39,181.76,4564971674799.0,0.0
2014-09-22,183.53,184.15,182.88,4609473584447.0,0.0
2014-09-19,183.9,184.45,183.77,4618732613895.0,0.0
2014-09-18,183.55,183.55,182.45,4609951475453.0,0.0
2014-09-17,182.49,182.71,181.54,4583299824784.0,0.0
2014-09-16,181.05,181.05,179.82,4547206123956.0,0.0
2014-09-15,181.02,181.44,179.58,4546552368085.0,0.0
2014-09-12,180.65,180.76,179.98,4537053950021.0,0.0
2014-09-11,179.87,181.21,179.37,4517530029721.0,0.0
2014-09-10,180.42,180.51,179.31,4531321596912.0,0.0
2014-09-09,180.2,181.21,180.17,4525788794354.0,0.0
2014-09-08,181.43,181.43,180.46,4556681844227.0,0.0
2014-09-05,181.07,182.2,180.68,4547615509963.0,0.0
2014-09-04,182.29,182.67,181.56,4578368089668.0,0.0
2014-09-03,182.34,182.69,181.44,4579697064762.0,0.0
2014-09-02,180.99,181.54,180.64,4545572294907.0,0.0
2014-09-01,180.81,181.58,180.32,4541204578049.0,0.0
2014-08-29,181.07,181.25,180.24,4547649907663.0,9095299815326.0
2014-08-28,180.58,182.14,180.36,4536065417486.0,0.0
2014-08-27,182.43,182.45,181.9,4582415039771.0,0.0
2014-08-26,182.24,182.24,181.16,4577605826550.0,0.0
2014-08-25,181.79,181.79,180.75,4566371566550.0,0.0
2014-08-22,180.24,180.95,179.77,4527396834763.0,0.0
2014-08-21,180.59,180.59,179.26,4536195055120.0,0.0
2014-08-20,179.26,180.05,178.51,4502696212530.0,0.0
2014-08-19,179.56,179.56,178.73,4510292974286.0,0.0
2014-08-18,178.54,178.54,177.82,4484833687482.0,16599253164517.0
2014-08-15,176.4,178.31,176.4,4431161398729.0,0.0
2014-08-14,176.63,177.0,176.19,4436942583884.0,0.0
2014-08-13,177.41,177.41,176.61,4456556471289.0,30701217530708.0
2014-08-12,176.13,176.93,175.79,4425436779350.0,0.0
2014-08-11,176.88,176.96,174.74,4444264564586.0,0.0
2014-08-08,173.54,173.77,172.11,4360331129842.0,0.0
2014-08-07,174.16,175.96,174.16,4375992607574.0,0.0
2014-08-06,175.36,177.33,175.04,4406217124031.0,0.0
2014-08-05,178.21,178.49,177.62,4477824095514.0,0.0
2014-08-04,177.56,0.0,0.0,4461335392307.0,0.0
2014-08-01,177.51,180.21,177.45,4460084732362.0,0.0
2014-07-31,179.91,182.48,179.73,4506781445318.0,0.0
2014-07-30,182.26,182.85,182.0,4565471910294.0,0.0
2014-07-29,182.43,183.19,182.32,4569757111529.0,0.0
2014-07-28,182.68,183.75,182.11,4576120158517.0,0.0
2014-07-25,183.18,183.81,182.86,4588643405778.0,0.0
2014-07-24,183.51,183.74,182.41,4596869182851.0,0.0
2014-07-23,182.61,183.03,182.25,4574210138148.0,0.0
2014-07-22,182.61,182.64,181.57,4574303368835.0,0.0
2014-07-21,180.82,181.71,180.23,4529461795331.0,0.0
2014-07-18,181.41,181.56,179.99,4544250713222.0,0.0
2014-07-17,180.52,182.28,180.52,4521902069624.0,0.0
2014-07-16,182.47,182.47,180.45,4570878653659.0,0.0
2014-07-15,180.04,181.83,179.61,4510061903981.0,0.0
2014-07-14,181.53,181.61,179.67,4547229122596.0,0.0
2014-07-11,178.95,179.63,178.25,4482558664314.0,0.0
2014-07-10,178.59,181.32,178.23,4473590534004.0,0.0
2014-07-09,181.39,182.16,181.02,4543652406151.0,0.0
2014-07-08,181.69,184.01,181.69,4551238346452.0,0.0
2014-07-07,183.69,184.71,183.6,4601349190441.0,0.0
2014-07-04,184.27,185.35,184.27,4615982136359.0,0.0
2014-07-03,185.32,185.32,182.62,4642108185849.0,0.0
2014-07-02,182.29,182.52,181.87,4563927724943.0,0.0
2014-07-01,181.69,181.69,180.32,4541461547620.0,0.0
2014-06-30,180.78,181.59,180.57,4518005094290.0,0.0
2014-06-27,180.87,180.87,180.03,4520111391172.0,0.0
2014-06-26,179.98,0.0,0.0,4498580913363.0,0.0
2014-06-25,180.7,182.38,180.06,4516777348290.0,0.0
2014-06-24,183.13,183.14,182.44,4577383205251.0,0.0
2014-06-23,182.7,182.99,181.02,4566712857068.0,0.0
2014-06-19,181.5,182.12,181.13,4536595751922.0,0.0
2014-06-18,180.46,181.61,180.46,4510612216882.0,0.0
2014-06-17,180.99,181.72,180.49,4510669965236.0,0.0
2014-06-16,180.88,182.35,180.57,4508075962445.0,0.0
2014-06-13,182.18,183.25,181.29,4540334293277.0,0.0
2014-06-12,183.31,183.84,183.08,4568699124254.0,0.0
2014-06-11,183.46,184.61,183.24,4572309190258.0,0.0
2014-06-10,184.22,184.29,183.78,4591161025869.0,0.0
2014-06-09,184.35,184.35,0.0,4594420450033.0,0.0
2014-06-05,182.32,183.42,182.32,4544009096430.0,0.0
2014-06-04,183.26,183.3,182.51,4567409505854.0,0.0
2014-06-03,182.99,183.58,182.56,4560689013854.0,0.0
2014-06-02,183.55,184.26,183.37,4575428663230.0,0.0
2014-05-30,183.71,184.11,182.79,4579351806154.0,0.0
2014-05-28,182.79,183.18,182.32,4556437081485.0,79802030379531.0
2014-05-27,183.02,183.52,182.19,4564068253198.0,12551187696296.0
2014-05-26,182.79,0.0,0.0,4557876045100.0,12534159124025.0
2014-05-23,182.43,182.43,181.23,4549057382833.0,22745286914167.0
2014-05-22,181.93,182.14,181.39,4536914042539.0,12476513616983.0
2014-05-21,181.45,181.78,180.14,4524912983434.0,12443510704443.0
2014-05-20,180.96,181.39,180.96,4512429958079.0,22608684224336.0
2014-05-19,180.91,181.17,179.82,4511348192641.0,27817140173459.0
2014-05-16,180.9,181.38,180.36,4511201082020.0,23007125518302.0
2014-05-15,181.59,181.86,180.51,4687614515276.0,62110892327412.0
2014-05-14,180.76,180.76,180.03,4666214218008.0,135553523033140.0
2014-05-13,180.39,180.39,179.81,4662094743446.0,119116520695050.0
2014-05-12,179.29,179.29,178.12,4637604244610.0,25736535477600.0
2014-05-09,177.67,177.77,177.22,4596995689886.0,65507188580877.0
2014-05-08,177.71,177.71,176.15,4598310855209.0,125303970804460.0
2014-05-07,175.67,176.64,175.52,4550085033651.0,153565369885700.0
2014-05-06,176.58,177.94,176.26,4582968699728.0,26352070023436.0
2014-05-05,177.2,177.68,175.82,4600197363794.0,36505027210294.0
2014-05-02,177.25,0.0,0.0,4604344788363.0,12661948167998.0
2014-04-30,177.39,177.76,177.21,4608763511822.0,116371278673510.0
2014-04-29,177.17,177.17,175.74,4623871204357.0,55486454452287.0
2014-04-28,175.5,176.62,175.05,4582358331117.0,12601485410571.0
2014-04-25,175.81,176.6,175.53,4590108789619.0,45901087896185.0
2014-04-24,176.13,176.68,174.57,4599062303534.0,79112608900960.0
2014-04-23,174.46,175.65,174.38,4557210818002.0,12532329749507.0
2014-04-22,176.26,176.26,174.54,4603274527704.0,12659004951186.0
2014-04-17,172.86,0.0,0.0,4514356537604.0,12414480478411.0
2014-04-16,172.85,0.0,0.0,4514072206805.0,12413698568713.0
2014-04-15,171.14,0.0,0.0,4469422973296.0,12290913176563.0
2014-04-14,173.35,0.0,0.0,4527191323283.0,75830454664995.0
2014-04-11,172.78,173.5,171.13,4522383951359.0,68966355258218.0
2014-04-10,174.37,176.32,174.37,4568239709430.0,33576561864312.0
2014-04-09,175.46,175.88,174.98,4597210004378.0,116079552610550.0
2014-04-08,174.49,174.95,173.3,4572903764683.0,26522841835160.0
2014-04-07,174.29,174.97,174.11,4568148016975.0,12562407046680.0
2014-04-04,175.82,176.55,175.25,4608211751424.0,41473905762815.0
2014-04-03,175.36,176.01,175.28,4598569668207.0,109216029619920.0
2014-04-02,175.55,176.11,175.17,4623708105844.0,12715197291070.0
2014-04-01,175.28,175.44,174.32,4616604032719.0,12695661089978.0
2014-03-31,174.03,174.03,172.24,4584170504457.0,63032344436287.0
2014-03-28,171.66,171.99,171.21,4524465546700.0,39589073533622.0
2014-03-27,170.93,171.19,170.47,4506150124380.0,219674818563510.0
2014-03-26,171.5,172.43,171.3,4533580858123.0,62336736799190.0
2014-03-25,170.83,170.84,169.12,4525098986461.0,12444022212769.0
2014-03-24,168.82,171.31,168.82,4471917527032.0,12297773199337.0
2014-03-21,171.04,171.61,170.58,4530750569446.0,116223173802100.0
2014-03-20,170.58,170.61,169.48,4536072740305.0,45814334677076.0
2014-03-19,171.19,171.42,170.7,4563721768276.0,0.0
2014-03-18,170.9,171.17,169.19,4556074869205.0,0.0
2014-03-17,169.96,170.03,167.34,4531034860990.0,0.0
2014-03-14,167.27,167.55,166.22,4459239371044.0,0.0
2014-03-13,168.4,169.96,168.34,4489415378113.0,67341230671702.0
2014-03-12,169.41,170.48,168.95,4516962193489.0,0.0
2014-03-11,171.02,0.0,0.0,4559899667207.0,0.0
2014-03-10,171.07,172.05,170.52,4561401941644.0,0.0
2014-03-07,170.98,173.07,170.81,4559003217899.0,0.0
2014-03-06,172.85,173.04,172.26,4608925485880.0,0.0
2014-03-05,171.58,172.21,171.53,4574930454775.0,0.0
2014-03-04,171.57,171.57,169.0,4574590983644.0,0.0
2014-03-03,168.16,169.77,168.01,4483725297421.0,0.0
2014-02-28,172.54,172.74,171.69,4603068433319.0,0.0
2014-02-27,172.27,172.85,171.17,4595904157983.0,0.0
2014-02-26,172.83,172.84,172.3,4610730855648.0,0.0
2014-02-25,172.68,172.7,171.83,4606862631758.0,0.0
2014-02-24,172.54,172.54,170.43,4602969937721.0,0.0
2014-02-21,169.34,169.39,168.68,4517735376159.0,0.0
2014-02-20,168.6,168.6,166.57,4497984792128.0,0.0
2014-02-19,168.12,0.0,0.0,4485091701488.0,61844436111728.0
2014-02-18,166.77,0.0,0.0,4451263273398.0,14953418398089.0
2014-02-17,168.19,168.42,167.61,4489247793978.0,0.0
2014-02-14,167.22,167.44,166.45,4463351798233.0,0.0
2014-02-13,166.72,166.72,165.33,4449956353202.0,0.0
2014-02-12,166.75,167.89,166.75,4450850920381.0,0.0
2014-02-11,167.15,167.15,165.51,4461530087092.0,0.0
2014-02-10,164.86,165.07,164.42,4400320313192.0,0.0
2014-02-07,164.37,164.56,163.8,4387267962892.0,0.0
2014-02-06,163.68,164.28,162.24,4368957690976.0,0.0
2014-02-05,161.39,0.0,0.0,4307826100336.0,0.0
2014-02-04,159.9,160.17,159.1,4267982730409.0,0.0
2014-02-03,160.49,163.55,160.39,4283772269457.0,0.0
2014-01-31,162.68,162.91,161.31,4343042073183.0,0.0
2014-01-30,162.55,163.34,161.76,4339471219438.0,0.0
2014-01-29,163.2,165.5,161.77,4356962702464.0,0.0
2014-01-28,164.25,164.54,163.18,4385018377543.0,0.0
2014-01-27,163.8,164.16,162.76,4373070416772.0,0.0
2014-01-24,164.32,0.0,0.0,4386980788006.0,0.0
2014-01-23,167.04,0.0,0.0,4459251945055.0,0.0
2014-01-22,168.93,0.0,0.0,4509626355687.0,0.0
2014-01-21,168.34,0.0,0.0,4493843055098.0,0.0
2014-01-20,168.47,0.0,0.0,4497511448261.0,0.0
2014-01-17,168.71,0.0,0.0,4503753326585.0,0.0
2014-01-16,168.03,0.0,0.0,4485618163399.0,0.0
2014-01-15,168.01,0.0,0.0,4485250923970.0,0.0
2014-01-14,165.78,0.0,0.0,4425746547135.0,0.0
2014-01-13,166.34,0.0,0.0,4440555246590.0,0.0
2014-01-10,166.42,0.0,0.0,4442598139882.0,0.0
2014-01-09,165.53,0.0,0.0,4418987890391.0,0.0
2014-01-08,165.39,0.0,0.0,4415169326874.0,0.0
2014-01-07,165.42,0.0,0.0,4415973956760.0,0.0
2014-01-03,165.05,0.0,0.0,4406032483721.0,0.0
2014-01-02,164.81,0.0,0.0,4399719380351.0,0.0
2013-12-30,165.69,0.0,0.0,4341131886710.0,0.0
2013-12-27,165.92,0.0,0.0,4347149527522.0,0.0
2013-12-23,164.38,0.0,0.0,4306832191396.0,0.0
2013-12-20,163.03,163.19,161.58,4271624175209.0,0.0
2013-12-19,162.04,162.04,160.25,4245495677710.0,0.0
2013-12-18,158.75,159.0,158.05,4159360449102.0,0.0
2013-12-17,157.44,158.61,157.41,4125072571191.0,0.0
2013-12-16,157.94,157.94,156.11,4138119359023.0,0.0
2013-12-13,156.18,156.87,155.88,4092030545168.0,0.0
2013-12-12,156.1,157.32,155.91,4089831096795.0,0.0
2013-12-11,157.68,158.66,157.47,4131293454752.0,0.0
2013-12-10,157.94,159.21,157.54,4138200262646.0,0.0
2013-12-09,159.29,159.31,158.18,4173552976902.0,0.0
2013-12-06,158.27,158.75,157.07,4156977951878.0,0.0
2013-12-05,157.63,159.26,157.63,4140133935729.0,0.0
2013-12-04,158.64,159.67,157.57,4167963993096.0,0.0
2013-12-03,159.05,161.88,158.83,4178688698322.0,0.0
2013-12-02,161.92,162.45,161.63,4254213627096.0,0.0
2013-11-29,162.31,163.08,162.31,4264908712126.0,0.0
2013-11-28,163.15,163.29,162.65,4287197959398.0,0.0
2013-11-27,162.58,162.71,161.92,4272072757585.0,0.0
2013-11-26,161.97,162.11,161.72,4255993372638.0,0.0
2013-11-25,161.9,161.9,161.38,4254163925214.0,0.0
2013-11-22,160.95,160.95,160.16,4229388275904.0,0.0
2013-11-21,160.11,160.11,159.1,4207258168712.0,0.0
2013-11-20,160.53,160.91,160.0,4218347363654.0,0.0
2013-11-19,161.05,161.23,160.68,4231881704206.0,0.0
2013-11-18,161.61,161.61,160.24,4246479331330.0,14132397929060.0
2013-11-15,160.5,160.54,159.78,4217571591034.0,0.0
2013-11-14,159.5,159.76,158.98,4191289495062.0,0.0
2013-11-13,158.11,0.0,0.0,4154970194034.0,0.0
2013-11-12,158.9,0.0,0.0,4175668341330.0,0.0
2013-11-11,159.75,159.8,159.21,4197998779854.0,0.0
2013-11-08,159.03,159.53,158.28,4178896730286.0,0.0
2013-11-07,159.3,160.47,158.72,4186023455508.0,0.0
2013-11-06,159.04,159.53,158.05,4179322257947.0,0.0
2013-11-05,157.86,159.1,157.54,4148214882919.0,0.0
2013-11-04,158.62,159.09,158.48,4168197020072.0,0.0
2013-11-01,158.22,0.0,0.0,4157760262840.0,0.0
2013-10-31,158.77,159.42,158.48,4173976765856.0,0.0
2013-10-30,159.62,160.12,159.27,4196347721167.0,0.0
2013-10-29,159.64,160.04,159.18,4197042667795.0,0.0
2013-10-28,159.51,160.42,159.27,4193473381487.0,0.0
2013-10-25,159.91,160.15,159.28,4204027235641.0,0.0
2013-10-24,160.99,160.99,160.02,4232535408200.0,0.0
2013-10-23,160.09,160.42,159.85,4208766461819.0,0.0
2013-10-22,160.95,160.99,160.06,4231483741077.0,0.0
2013-10-21,159.89,160.1,159.16,4203588337562.0,0.0
2013-10-18,158.91,158.91,157.12,4177860359311.0,0.0
2013-10-17,156.68,157.1,155.86,4119029995458.0,0.0
2013-10-16,156.69,156.76,155.19,4119363848601.0,0.0
2013-10-15,156.63,157.39,156.34,4116432927285.0,0.0
2013-10-14,155.75,156.05,155.28,4093268482125.0,0.0
2013-10-11,156.64,156.72,156.05,4116658695017.0,0.0
2013-10-10,155.87,156.0,153.7,4096441060708.0,0.0
2013-10-09,152.91,154.03,152.74,4018612802557.0,0.0
2013-10-08,153.66,154.42,153.49,4038263578902.0,0.0
2013-10-07,154.42,154.83,153.56,4058256769911.0,0.0
2013-10-04,155.11,155.89,155.0,4076395608750.0,0.0
2013-10-03,155.68,156.96,155.52,4091409809174.0,0.0
2013-10-02,156.13,156.69,155.58,4103215578829.0,0.0
2013-10-01,157.12,157.18,155.93,4129149665718.0,0.0
2013-09-30,156.14,156.36,155.41,4103950344239.0,0.0
2013-09-27,157.36,158.54,157.06,4136108593031.0,0.0
2013-09-26,158.06,158.35,157.87,4154402483202.0,0.0
2013-09-25,157.32,158.56,157.05,4134870688401.0,0.0
2013-09-24,159.19,159.19,158.34,4184199042242.0,0.0
2013-09-23,158.31,159.71,158.15,4161081614565.0,0.0
2013-09-20,159.59,159.79,159.38,4194641983935.0,0.0
2013-09-19,159.76,160.33,159.38,4199041530535.0,0.0
2013-09-18,158.39,158.45,157.83,4163182132305.0,0.0
2013-09-17,158.17,158.57,158.17,4157389572025.0,0.0
2013-09-16,158.68,158.91,158.26,4170766186143.0,0.0
2013-09-13,157.33,157.39,156.83,4135191800177.0,0.0
2013-09-12,157.53,157.96,157.18,4140501515287.0,0.0
2013-09-11,157.76,158.11,157.21,4146515622745.0,0.0
2013-09-10,157.44,157.44,155.86,4138103447827.0,0.0
2013-09-09,155.1,155.35,154.4,4076614642171.0,0.0
2013-09-06,155.17,155.24,154.03,4078449968198.0,0.0
2013-09-05,154.59,155.22,154.26,4063180853237.0,0.0
2013-09-04,154.3,154.5,153.08,4055644593704.0,8111289187409.0
2013-09-03,153.63,153.88,152.38,4038796074998.0,0.0
2013-09-02,152.81,152.89,151.59,4017066099323.0,0.0
2013-08-30,150.66,151.95,150.64,3960714611546.0,0.0
2013-08-29,151.7,151.85,151.08,3988126563016.0,0.0
2013-08-28,150.86,151.75,149.86,3966039105450.0,0.0
2013-08-27,151.77,153.74,151.48,3989959529182.0,0.0
2013-08-26,154.31,0.0,0.0,4056712400354.0,0.0
2013-08-23,154.13,0.0,0.0,4051866307097.0,0.0
2013-08-22,153.34,0.0,0.0,4031205889866.0,0.0
2013-08-21,152.03,0.0,0.0,3996753877024.0,0.0
2013-08-20,154.36,0.0,0.0,4057730434680.0,0.0
2013-08-19,154.94,0.0,0.0,4073009136742.0,13271594796390.0
2013-08-16,155.34,0.0,0.0,4083880979839.0,0.0
2013-08-15,154.08,0.0,0.0,4050565811953.0,0.0
2013-08-14,156.04,0.0,0.0,4102183674040.0,26983253523063.0
2013-08-13,155.64,0.0,0.0,4092691577811.0,0.0
2013-08-12,154.86,0.0,0.0,4072117305557.0,0.0
2013-08-09,154.89,0.0,0.0,4072927119339.0,0.0
2013-08-08,154.26,0.0,0.0,4056405902602.0,0.0
2013-08-07,153.47,0.0,0.0,4035514563195.0,0.0
2013-08-06,153.86,0.0,0.0,4045718763224.0,0.0
2013-08-05,154.97,0.0,0.0,4075094891541.0,0.0
2013-08-02,154.72,0.0,0.0,4068350740670.0,0.0
2013-08-01,154.63,0.0,0.0,4066140773642.0,0.0
2013-07-31,152.8,0.0,0.0,4018240219188.0,0.0
2013-07-30,153.02,0.0,0.0,4024084860057.0,0.0
2013-07-29,151.99,0.0,0.0,3996996048464.0,0.0
2013-07-26,152.06,153.14,151.69,3998809374348.0,0.0
2013-07-25,152.66,152.66,151.36,4014568993885.0,0.0
2013-07-24,152.44,152.66,151.27,4008841719928.0,0.0
2013-07-23,150.82,151.37,150.63,3966115442302.0,0.0
2013-07-22,150.36,151.71,150.0,3954122816339.0,0.0
2013-07-19,151.37,151.37,150.14,3980659003680.0,0.0
2013-07-18,151.26,151.5,150.15,3977820966482.0,0.0
2013-07-17,150.49,151.21,149.76,3957644637695.0,0.0
2013-07-16,150.58,151.27,150.36,3959961237016.0,0.0
2013-07-15,150.74,151.52,150.58,3964099764644.0,0.0
2013-07-12,150.24,150.91,150.24,3950928555947.0,0.0
2013-07-11,150.24,150.24,149.47,3951025219156.0,0.0
2013-07-10,148.22,148.33,147.03,3897792063678.0,0.0
2013-07-09,148.04,148.04,147.0,3893070353738.0,0.0
2013-07-08,146.6,147.06,145.49,3855266500064.0,0.0
2013-07-05,144.83,147.01,144.57,3808767087385.0,0.0
2013-07-04,145.69,146.04,143.75,3831271412973.0,0.0
2013-07-03,143.18,143.2,141.75,3765235692171.0,0.0
2013-07-02,143.96,144.47,142.94,3785772309331.0,0.0
2013-07-01,144.21,144.27,142.52,3792470958372.0,0.0
2013-06-28,142.58,144.46,142.51,3750615516691.0,0.0
2013-06-27,143.85,144.0,141.85,3783984414194.0,0.0
2013-06-26,141.88,142.21,140.05,3732095896554.0,0.0
2013-06-25,139.98,140.48,138.74,3682282467968.0,0.0
2013-06-24,137.84,140.28,137.74,3625925708969.0,0.0
2013-06-20,141.3,144.21,141.21,3717019334261.0,0.0
2013-06-19,145.66,147.67,145.66,3831577916361.0,0.0
2013-06-18,147.82,148.12,146.68,3888360204788.0,0.0
2013-06-17,147.45,147.95,146.17,3878759896020.0,0.0
2013-06-14,145.87,146.9,145.58,3837181118725.0,0.0
2013-06-13,145.48,145.53,143.43,3826901884179.0,0.0
2013-06-12,146.02,147.73,145.95,3840883757455.0,0.0
2013-06-11,146.81,147.68,146.24,3861731195179.0,0.0
2013-06-10,147.94,148.45,147.62,3891567052564.0,0.0
2013-06-07,147.99,148.59,145.97,3892759814269.0,0.0
2013-06-05,147.18,149.58,146.98,3871592586513.0,0.0
2013-06-04,149.9,151.26,149.7,3942918843561.0,0.0
2013-06-03,150.02,151.5,149.23,3942549666105.0,0.0
2013-05-31,150.73,152.01,150.22,3963263481589.0,0.0
2013-05-30,152.02,152.36,150.98,3997117769573.0,0.0
2013-05-29,151.64,153.45,151.5,3987194678812.0,69956069706167.0
2013-05-28,154.16,154.29,153.12,4054602210337.0,0.0
2013-05-27,152.57,152.57,151.39,4012677162677.0,0.0
2013-05-24,150.9,152.39,150.66,3968892827470.0,6945562448073.0
2013-05-23,151.62,152.78,150.64,3987976769030.0,0.0
2013-05-22,155.32,155.65,154.32,4085371744141.0,61174918235379.0
2013-05-21,154.58,154.58,153.24,4066542676557.0,0.0
